dataset,item_id,human_supports,note
squad,2174,yes,
squad,2698,yes,
squad,2941,no,
squad,1767,yes,
squad,774,yes,
squad,2629,yes,
squad,58,yes,
squad,1265,yes,
squad,655,yes,
squad,2276,yes,
squad,1570,yes,
squad,734,yes,
squad,90,yes,
squad,1415,yes,
squad,2805,yes,
squad,1881,yes,
squad,3250,yes,
squad,3249,yes,
squad,720,no,Câu hỏi và nội dung không ăn khớp nhau
squad,1803,yes,
squad,3144,yes,
squad,1494,yes,
squad,1107,no,
squad,2856,yes,
squad,2595,yes,
squad,3110,yes,
squad,1028,yes,
squad,3048,yes,
squad,2196,yes,
squad,2902,yes,
drop,5699,yes,
drop,9061,yes,
drop,253,yes,
drop,4408,yes,
drop,8021,yes,
drop,8895,yes,
drop,4724,yes,
drop,2166,yes,
drop,4199,yes,
drop,8351,yes,
drop,3355,yes,
drop,10085,yes,
drop,8024,yes,
drop,5179,yes,
drop,7511,yes,
drop,3394,yes,
drop,5493,no,Phải trả lời là tỷ lệ nào chứ không phải con số
drop,2395,yes,
drop,6525,no,Phải trả lời cái tỷ lệ nào lớn hơn chứ không phải con số
drop,8335,no,"+ với 0,72% chứ không phải 0,9%"
drop,1870,no,
drop,6755,yes,
drop,1865,yes,
drop,2331,yes,
drop,2295,no,không trả lời số
drop,2741,no,"nếu tính cả lữ đoàn và trung đoàn, chứ không phải tính riêng"
drop,60,yes,
drop,444,no,chỉ tính ca nhiễm mới
drop,2216,yes,
drop,6607,no,10000
